[{"__type__":"cc.SpriteFrame","content":{"name":"startBG","texture":"705q8r3mpIMqqvG5vWZXn5","rect":[0,0,1920,1080],"offset":[0,0],"originalSize":[1920,1080],"capInsets":[0,0,0,0]}},{"__type__":"dragonBones.DragonBonesAsset","_name":"player_ske","_dragonBonesJson":"{\"frameRate\":24,\"name\":\"player\",\"version\":\"5.5\",\"compatibleVersion\":\"5.5\",\"armature\":[{\"type\":\"Armature\",\"frameRate\":24,\"name\":\"Armature\",\"aabb\":{\"x\":-35.85,\"y\":-146.53,\"width\":92.3,\"height\":279.55},\"bone\":[{\"name\":\"root\"},{\"length\":18.400000000000002,\"name\":\"下裤\",\"parent\":\"root\",\"transform\":{\"x\":3.605,\"y\":25.67,\"skX\":89.0587,\"skY\":89.0587}},{\"length\":44.1,\"name\":\"左大腿\",\"parent\":\"下裤\",\"transform\":{\"x\":8.70607,\"y\":-12.37578,\"skX\":-0.0802,\"skY\":-0.0802}},{\"length\":42.400000000000006,\"name\":\"右大腿\",\"parent\":\"下裤\",\"transform\":{\"x\":9.85821,\"y\":16.4297,\"skX\":-1.9081,\"skY\":-1.9081}},{\"length\":66.2,\"name\":\"上衣\",\"parent\":\"下裤\",\"transform\":{\"x\":-11.2331,\"y\":0.89863,\"skX\":173.5653,\"skY\":173.5653}},{\"length\":32,\"name\":\"头\",\"parent\":\"上衣\",\"transform\":{\"x\":66.20156,\"skX\":57.6951,\"skY\":57.6951}},{\"length\":49.5,\"name\":\"右小腿\",\"parent\":\"右大腿\",\"transform\":{\"x\":41.52284,\"y\":-0.05728,\"skX\":4.3866,\"skY\":4.3866}},{\"length\":34,\"name\":\"右大臂\",\"parent\":\"上衣\",\"transform\":{\"x\":55.45898,\"y\":-11.74215,\"skX\":-163.4458,\"skY\":-163.4458}},{\"length\":47.7,\"name\":\"左小腿\",\"parent\":\"左大腿\",\"transform\":{\"x\":43.237390000000005,\"y\":0.00928,\"skX\":-0.5907,\"skY\":-0.5907}},{\"length\":33.1,\"name\":\"左大臂\",\"parent\":\"上衣\",\"transform\":{\"x\":48.74084,\"y\":19.72519,\"skX\":-179.1809,\"skY\":-179.1809}},{\"length\":39.300000000000004,\"name\":\"右小臂\",\"parent\":\"右大臂\",\"transform\":{\"x\":33.21933000000001,\"y\":0.23789,\"skX\":-23.3528,\"skY\":-23.3528}},{\"length\":41,\"name\":\"左小臂\",\"parent\":\"左大臂\",\"transform\":{\"x\":32.11756,\"y\":0.7877000000000001,\"skX\":-18.3736,\"skY\":-18.3736}}],\"slot\":[{\"name\":\"左小臂\",\"parent\":\"左小臂\"},{\"name\":\"左大臂\",\"parent\":\"左大臂\"},{\"name\":\"左小腿\",\"parent\":\"左小腿\"},{\"name\":\"左大腿\",\"parent\":\"左大腿\"},{\"name\":\"右小腿\",\"parent\":\"右小腿\"},{\"name\":\"右大腿\",\"parent\":\"右大腿\"},{\"name\":\"下裤\",\"parent\":\"下裤\"},{\"name\":\"上衣\",\"parent\":\"上衣\"},{\"name\":\"右小臂\",\"parent\":\"右小臂\"},{\"name\":\"右大臂\",\"parent\":\"右大臂\"},{\"name\":\"头\",\"parent\":\"头\"}],\"skin\":[{\"slot\":[{\"name\":\"左大腿\",\"display\":[{\"name\":\"主角/左大腿\",\"transform\":{\"x\":21.3,\"y\":1.95,\"skX\":-90.59,\"skY\":-90.59}}]},{\"name\":\"右小腿\",\"display\":[{\"name\":\"主角/右小腿\",\"transform\":{\"x\":24.6,\"y\":-0.64,\"skX\":-89.48,\"skY\":-89.48}}]},{\"name\":\"右大腿\",\"display\":[{\"name\":\"主角/右大腿\",\"transform\":{\"x\":20.47,\"y\":-2.36,\"skX\":-86.35,\"skY\":-86.35}}]},{\"name\":\"下裤\",\"display\":[{\"name\":\"主角/下裤\",\"transform\":{\"x\":9.82,\"y\":1.31,\"skX\":-91.41,\"skY\":-91.41}}]},{\"name\":\"上衣\",\"display\":[{\"name\":\"主角/上衣\",\"transform\":{\"x\":32.25,\"y\":1.07,\"skX\":90.39,\"skY\":90.39}}]},{\"name\":\"左小臂\",\"display\":[{\"name\":\"主角/左小臂\",\"transform\":{\"x\":23.71,\"y\":2.17,\"skX\":-77.33,\"skY\":-77.33}}]},{\"name\":\"右小臂\",\"display\":[{\"name\":\"主角/右小臂\",\"transform\":{\"x\":20.67,\"y\":-0.6,\"skX\":-69.91,\"skY\":-69.91}}]},{\"name\":\"左大臂\",\"display\":[{\"name\":\"主角/左大臂\",\"transform\":{\"x\":16.19,\"y\":-0.36,\"skX\":-82.97,\"skY\":-82.97}}]},{\"name\":\"右大臂\",\"display\":[{\"name\":\"主角/右大臂\",\"transform\":{\"x\":13.91,\"y\":-0.81,\"skX\":-105.33,\"skY\":-105.33}}]},{\"name\":\"头\",\"display\":[{\"name\":\"主角/头\",\"transform\":{\"x\":41.76,\"y\":-24.84,\"skX\":29.45,\"skY\":29.45}}]},{\"name\":\"左小腿\",\"display\":[{\"name\":\"主角/左小腿\",\"transform\":{\"x\":23.39,\"y\":1.91,\"skX\":-90,\"skY\":-90}}]}]}],\"animation\":[{\"duration\":4,\"playTimes\":0,\"name\":\"stand\",\"bone\":[{\"name\":\"头\",\"rotateFrame\":[{\"duration\":2,\"curve\":[0.5,0,0.5,1]},{\"duration\":2,\"curve\":[0.5,0,0.5,1],\"rotate\":7.17},{\"duration\":0}]}]},{\"duration\":28,\"playTimes\":0,\"name\":\"walk\",\"bone\":[{\"name\":\"左大腿\",\"rotateFrame\":[{\"duration\":9,\"tweenEasing\":0},{\"duration\":10,\"tweenEasing\":0,\"rotate\":-16.7},{\"duration\":9,\"tweenEasing\":0,\"rotate\":17.1},{\"duration\":0}]},{\"name\":\"右大腿\",\"rotateFrame\":[{\"duration\":9,\"tweenEasing\":0},{\"duration\":10,\"tweenEasing\":0,\"rotate\":9.45},{\"duration\":9,\"tweenEasing\":0,\"rotate\":-16.05},{\"duration\":0}]},{\"name\":\"头\",\"rotateFrame\":[{\"duration\":9,\"tweenEasing\":0},{\"duration\":19,\"tweenEasing\":0,\"rotate\":2.74},{\"duration\":0}]},{\"name\":\"右小腿\",\"rotateFrame\":[{\"duration\":19,\"tweenEasing\":0},{\"duration\":9,\"tweenEasing\":0,\"rotate\":6.15},{\"duration\":0}]},{\"name\":\"右大臂\",\"rotateFrame\":[{\"duration\":9,\"tweenEasing\":0},{\"duration\":10,\"tweenEasing\":0,\"rotate\":-18.72},{\"duration\":9,\"tweenEasing\":0,\"rotate\":15.46},{\"duration\":0}]},{\"name\":\"左小腿\",\"rotateFrame\":[{\"duration\":9,\"tweenEasing\":0},{\"duration\":19,\"tweenEasing\":0,\"rotate\":7.1},{\"duration\":0}]},{\"name\":\"左大臂\",\"rotateFrame\":[{\"duration\":9,\"tweenEasing\":0},{\"duration\":10,\"tweenEasing\":0,\"rotate\":13.39},{\"duration\":9,\"tweenEasing\":0,\"rotate\":-8.16},{\"duration\":0}]}]}],\"defaultActions\":[{\"gotoAndPlay\":\"stand\"}],\"canvas\":{\"x\":6.300000000000001,\"y\":-9.8,\"width\":116.60000000000001,\"height\":288.1}}]}"},{"__type__":"cc.SpriteFrame","content":{"name":"chair","texture":"6e6vf3MQVK4KIgUk/+uqaz","rect":[0,0,746,466],"offset":[0,0],"originalSize":[746,466],"capInsets":[0,0,0,0]}},{"__type__":"cc.SpriteFrame","content":{"name":"train","texture":"20T1yJzN9Ep4f9qoqu+udC","rect":[0,0,1821,362],"offset":[-11,0],"originalSize":[1843,362],"capInsets":[0,0,0,0]}},{"__type__":"cc.SpriteFrame","content":{"name":"title","texture":"b5Cf2Dpo5HoI1YmFqJnbeM","rect":[0,0,475,298],"offset":[0,0],"originalSize":[475,298],"capInsets":[0,0,0,0]}},{"__type__":"cc.Texture2D","content":"0,9729,9729,33071,33071,0"},{"__type__":"cc.SpriteFrame","content":{"name":"default_btn_disabled","texture":"71VhFCTINJM6/Ky3oX9nBT","rect":[0,0,40,40],"offset":[0,0],"originalSize":[40,40],"capInsets":[12,12,12,12]}},{"__type__":"dragonBones.DragonBonesAtlasAsset","_name":"player_tex","_atlasJson":"{\"width\":256,\"imagePath\":\"player_tex.png\",\"height\":128,\"name\":\"player\",\"SubTexture\":[{\"width\":21,\"y\":55,\"height\":52,\"name\":\"主角/左小臂\",\"x\":200},{\"width\":16,\"y\":48,\"height\":45,\"name\":\"主角/左大臂\",\"x\":223},{\"width\":22,\"y\":1,\"height\":63,\"name\":\"主角/左小腿\",\"x\":147},{\"width\":22,\"y\":65,\"height\":53,\"name\":\"主角/左大腿\",\"x\":176},{\"width\":22,\"y\":1,\"height\":62,\"name\":\"主角/右小腿\",\"x\":171},{\"width\":22,\"y\":1,\"height\":52,\"name\":\"主角/右大腿\",\"x\":195},{\"width\":45,\"y\":89,\"height\":26,\"name\":\"主角/下裤\",\"x\":95},{\"width\":50,\"y\":1,\"height\":86,\"name\":\"主角/上衣\",\"x\":95},{\"width\":27,\"y\":66,\"height\":51,\"name\":\"主角/右小臂\",\"x\":147},{\"width\":24,\"y\":1,\"height\":45,\"name\":\"主角/右大臂\",\"x\":219},{\"width\":92,\"y\":1,\"height\":99,\"name\":\"主角/头\",\"x\":1}]}","_texture":{"__uuid__":"b0MfLOo35Ch5KQAc5ntmHf"},"texture":{"__uuid__":"b0MfLOo35Ch5KQAc5ntmHf"}},{"__type__":"cc.Texture2D","content":"0,9729,9729,33071,33071,0"},{"__type__":"cc.Texture2D","content":"0,9729,9729,33071,33071,0"},{"__type__":"cc.Texture2D","content":"0,9729,9729,33071,33071,0"},{"__type__":"cc.Texture2D","content":"0,9729,9729,33071,33071,0"},{"__type__":"cc.SpriteFrame","content":{"name":"PLAY","texture":"73sxYPUKdCEY2CahXByEcZ","rect":[0,0,334,93],"offset":[0,0],"originalSize":[334,93],"capInsets":[0,0,0,0]}},{"__type__":"cc.SpriteFrame","content":{"name":"passer1","texture":"f2NinKXXxANoib6b+hEsZU","rect":[6,15,107,273],"offset":[-2,-7.5],"originalSize":[123,288],"capInsets":[0,0,0,0]}},{"__type__":"cc.Texture2D","content":"0,9729,9729,33071,33071,0"},{"__type__":"cc.Texture2D","content":"0,9729,9729,33071,33071,0"},{"__type__":"cc.Texture2D","content":"0,9729,9729,33071,33071,0"},[{"__type__":"cc.SceneAsset","_name":"startScene","scene":{"__id__":1},"asyncLoadAssets":null},{"__type__":"cc.Scene","_name":"New Node","_children":[{"__id__":2},{"__id__":3}],"_anchorPoint":{"__type__":"cc.Vec2"},"_scale":{"__type__":"cc.Vec3","x":0.34144677056206596,"y":0.34144677056206596,"z":1},"autoReleaseAssets":false},{"__type__":"cc.Node","_name":"BGM","_parent":{"__id__":1},"_level":1,"_components":[{"__type__":"cc.AudioSource","node":{"__id__":2},"_clip":{"__uuid__":"d97MMpSGNM47y8K3Zjom8t"},"_volume":0.7,"_loop":true,"playOnLoad":true,"preload":true},{"__type__":"baa1fv8hcRNaL+8LVrfKZfX","node":{"__id__":2}}],"_position":{"__type__":"cc.Vec3","x":960,"y":540},"_id":"8f27WuZZFJdq3pPoN1UnT9"},{"__type__":"cc.Node","_name":"Canvas","_parent":{"__id__":1},"_children":[{"__id__":4},{"__id__":5},{"__id__":14},{"__id__":16},{"__id__":17},{"__id__":18},{"__id__":19},{"__id__":20}],"_components":[{"__type__":"cc.Canvas","node":{"__id__":3},"_designResolution":{"__type__":"cc.Size","width":1920,"height":1080}}],"_contentSize":{"__type__":"cc.Size","width":1920,"height":1080},"_position":{"__type__":"cc.Vec3","x":960,"y":540},"_id":"2cnEWHy31AjoZHJWZCNLba"},{"__type__":"cc.Node","_name":"Main Camera","_parent":{"__id__":3},"_level":1,"_components":[{"__type__":"cc.Camera","node":{"__id__":4},"_clearFlags":7,"_depth":-1}]},{"__type__":"cc.Node","_name":"backGround","_parent":{"__id__":3},"_children":[{"__id__":6},{"__id__":11},{"__id__":12},{"__id__":13}],"_level":1,"_components":[{"__type__":"cc.Sprite","node":{"__id__":5},"_spriteFrame":{"__uuid__":"0265ifhG9IOIWwUlFYV/xT"},"_sizeMode":0}],"_contentSize":{"__type__":"cc.Size","width":1920,"height":1080},"groupIndex":1},{"__type__":"cc.Node","_name":"train","_parent":{"__id__":5},"_children":[{"__id__":7},{"__id__":9}],"_level":2,"_components":[{"__type__":"3ee76w80dNG26a5V9naIUkT","node":{"__id__":6},"train1":{"__id__":7},"train2":{"__id__":9},"bg":{"__id__":5},"moveSpeed":500}],"groupIndex":2},{"__type__":"cc.Node","_name":"train1","_parent":{"__id__":6},"_children":[{"__id__":8}],"_level":2,"_components":[{"__type__":"cc.Sprite","node":{"__id__":7},"_spriteFrame":{"__uuid__":"1bf3GIhIlGIq1/szi3ReWR"}}],"_contentSize":{"__type__":"cc.Size","width":1821,"height":362},"_position":{"__type__":"cc.Vec3","x":960,"y":-6},"groupIndex":2},{"__type__":"cc.Node","_name":"train","_parent":{"__id__":7},"_level":3,"_components":[{"__type__":"cc.Sprite","node":{"__id__":8},"_spriteFrame":{"__uuid__":"1bf3GIhIlGIq1/szi3ReWR"}}],"_contentSize":{"__type__":"cc.Size","width":1821,"height":362},"_position":{"__type__":"cc.Vec3","x":-1821},"groupIndex":2},{"__type__":"cc.Node","_name":"train2","_parent":{"__id__":6},"_children":[{"__id__":10}],"_level":2,"_components":[{"__type__":"cc.Sprite","node":{"__id__":9},"_spriteFrame":{"__uuid__":"1bf3GIhIlGIq1/szi3ReWR"}}],"_contentSize":{"__type__":"cc.Size","width":1821,"height":362},"_position":{"__type__":"cc.Vec3","x":-2675,"y":-6},"groupIndex":2},{"__type__":"cc.Node","_name":"train","_parent":{"__id__":9},"_level":3,"_components":[{"__type__":"cc.Sprite","node":{"__id__":10},"_spriteFrame":{"__uuid__":"1bf3GIhIlGIq1/szi3ReWR"}}],"_contentSize":{"__type__":"cc.Size","width":1821,"height":362},"_position":{"__type__":"cc.Vec3","x":-1821},"groupIndex":2},{"__type__":"cc.Node","_name":"chair","_parent":{"__id__":5},"_level":2,"_components":[{"__type__":"cc.Sprite","node":{"__id__":11},"_spriteFrame":{"__uuid__":"19epc885RChb6WesB2Y06P"},"_sizeMode":0}],"_contentSize":{"__type__":"cc.Size","width":344,"height":163},"_position":{"__type__":"cc.Vec3","x":596,"y":-245}},{"__type__":"cc.Node","_name":"chair2","_parent":{"__id__":5},"_level":2,"_components":[{"__type__":"cc.Sprite","node":{"__id__":12},"_spriteFrame":{"__uuid__":"19epc885RChb6WesB2Y06P"},"_sizeMode":0}],"_contentSize":{"__type__":"cc.Size","width":344,"height":163},"_position":{"__type__":"cc.Vec3","x":-558,"y":-245}},{"__type__":"cc.Node","_name":"passer1","_parent":{"__id__":5},"_level":2,"_components":[{"__type__":"cc.Sprite","node":{"__id__":13},"_spriteFrame":{"__uuid__":"97euUhnmROTbYG9Ku/aERR"}}],"_contentSize":{"__type__":"cc.Size","width":107,"height":273},"_position":{"__type__":"cc.Vec3","x":-778,"y":-174}},{"__type__":"cc.Node","_name":"startBtn","_parent":{"__id__":3},"_children":[{"__id__":15}],"_level":1,"_components":[{"__type__":"cc.Button","node":{"__id__":14},"_N$transition":3,"transition":3,"_N$normalColor":{"__type__":"cc.Color","r":230,"g":230,"b":230},"_N$pressedColor":{"__type__":"cc.Color","r":200,"g":200,"b":200},"pressedColor":{"__type__":"cc.Color","r":200,"g":200,"b":200},"_N$disabledColor":{"__type__":"cc.Color","r":120,"g":120,"b":120,"a":200},"_N$normalSprite":{"__uuid__":"f0BIwQ8D5Ml7nTNQbh1YlS"},"_N$pressedSprite":{"__uuid__":"e97GVMl6JHh5Ml5qEDdSGa"},"pressedSprite":{"__uuid__":"e97GVMl6JHh5Ml5qEDdSGa"},"_N$hoverSprite":{"__uuid__":"f0BIwQ8D5Ml7nTNQbh1YlS"},"hoverSprite":{"__uuid__":"f0BIwQ8D5Ml7nTNQbh1YlS"},"_N$disabledSprite":{"__uuid__":"29FYIk+N1GYaeWH/q1NxQO"},"_N$target":{"__id__":15}},{"__type__":"9deccK2mM9NkrISEsUhEGG7","node":{"__id__":14},"button":{"__id__":14},"player":{"__id__":16},"title":{"__id__":17},"attentionLabel":{"__id__":18}}],"_contentSize":{"__type__":"cc.Size","width":334,"height":93},"_position":{"__type__":"cc.Vec3","x":16,"y":-302}},{"__type__":"cc.Node","_name":"Background","_parent":{"__id__":14},"_level":2,"_components":[{"__type__":"cc.Sprite","node":{"__id__":15},"_spriteFrame":{"__uuid__":"7fXI0vb1pOKYdfEaJVv7Hq"},"_type":1},{"__type__":"cc.Widget","node":{"__id__":15},"alignMode":0,"_alignFlags":45,"_originalWidth":100,"_originalHeight":40}],"_color":{"__type__":"cc.Color","r":230,"g":230,"b":230},"_contentSize":{"__type__":"cc.Size","width":334,"height":93}},{"__type__":"cc.Node","_name":"player","_parent":{"__id__":3},"_level":1,"_components":[{"__type__":"3354dTyRU1OfZJYn+YY4ZX0","node":{"__id__":16},"startPos":{"__type__":"cc.Vec2","x":-1350,"y":-319},"endPos":{"__type__":"cc.Vec2","x":1020,"y":-319},"backGround":{"__id__":5},"moveDuration":9},{"__type__":"dragonBones.ArmatureDisplay","node":{"__id__":16},"_armatureName":"Armature","_animationName":"walk","_preCacheMode":0,"playTimes":0,"_armatureKey":"074b14dd-4205-441f-8cc8-3b8f53ca7be9#6aeaec8c-63e6-4f34-b28c-634f4d882689","_N$dragonAsset":{"__uuid__":"07SxTdQgVEH4zIO49Tynvp"},"_N$dragonAtlasAsset":{"__uuid__":"6a6uyMY+ZPNLKMY09NiCaJ"}}],"_position":{"__type__":"cc.Vec3","x":-1349,"y":-373}},{"__type__":"cc.Node","_name":"title","_parent":{"__id__":3},"_level":1,"_components":[{"__type__":"cc.Sprite","node":{"__id__":17},"_spriteFrame":{"__uuid__":"1dqa0RPpdHLZunZfnAdmO4"}}],"_contentSize":{"__type__":"cc.Size","width":475,"height":298},"_position":{"__type__":"cc.Vec3","x":15,"y":361}},{"__type__":"cc.Node","_name":"attention","_parent":{"__id__":3},"_level":1,"_components":[{"__type__":"cc.Label","node":{"__id__":18},"_useOriginalSize":false,"_string":"请用 W A D 键和鼠标来进行游戏","_N$string":"请用 W A D 键和鼠标来进行游戏","_fontSize":80,"_lineHeight":85,"_N$horizontalAlign":1,"_N$verticalAlign":1,"_N$fontFamily":"楷体"},{"__type__":"d0cc3uW0cJCIqkW7b8dTFf5","node":{"__id__":18}}],"_color":{"__type__":"cc.Color"},"_contentSize":{"__type__":"cc.Size","width":1160,"height":85},"_position":{"__type__":"cc.Vec3","x":31,"y":371}},{"__type__":"cc.Node","_name":"label","_parent":{"__id__":3},"_level":1,"_components":[{"__type__":"cc.Label","node":{"__id__":19},"_useOriginalSize":false,"_string":"程序: Cinsist","_N$string":"程序: Cinsist","_N$horizontalAlign":1,"_N$verticalAlign":1,"_N$fontFamily":"楷体"}],"_contentSize":{"__type__":"cc.Size","width":260,"height":40},"_position":{"__type__":"cc.Vec3","x":-803,"y":338}},{"__type__":"cc.Node","_name":"label2","_parent":{"__id__":3},"_level":1,"_components":[{"__type__":"cc.Label","node":{"__id__":20},"_useOriginalSize":false,"_string":"美术：许国林不是我","_N$string":"美术：许国林不是我","_N$horizontalAlign":1,"_N$verticalAlign":1,"_N$fontFamily":"楷体"}],"_contentSize":{"__type__":"cc.Size","width":360,"height":40},"_position":{"__type__":"cc.Vec3","x":-757,"y":427}}],{"__type__":"cc.AudioClip","_name":"StartBgm","_native":".mp3"},{"__type__":"cc.Texture2D","content":"0,9729,9729,33071,33071,0"},{"__type__":"cc.SpriteFrame","content":{"name":"default_btn_pressed","texture":"b4P/PCArtIdIH38t6mlw8Y","rect":[0,0,40,40],"offset":[0,0],"originalSize":[40,40],"capInsets":[12,12,12,12]}},{"__type__":"cc.SpriteFrame","content":{"name":"default_btn_normal","texture":"e8Ueib+qJEhL6mXAHdnwbi","rect":[0,0,40,40],"offset":[0,0],"originalSize":[40,40],"capInsets":[12,12,12,12]}},{"__type__":"cc.Texture2D","content":"0,9729,9729,33071,33071,0"}]