[{"__type__":"cc.SpriteFrame","content":{"name":"button","texture":"67CX4YbrBAxIK2XNZ0wCJv","rect":[0,0,334,93],"offset":[0,0],"originalSize":[334,93],"capInsets":[0,0,0,0]}},{"__type__":"cc.SpriteFrame","content":{"name":"train","texture":"a0/hKbcKdHjJ5sm4vWKT9A","rect":[0,0,1920,1080],"offset":[0,0],"originalSize":[1920,1080],"capInsets":[0,0,0,0]}},[{"__type__":"cc.SceneAsset","_name":"endScene2","scene":{"__id__":1},"asyncLoadAssets":null},{"__type__":"cc.Scene","_name":"New Node","_children":[{"__id__":2}],"_anchorPoint":{"__type__":"cc.Vec2"},"_scale":{"__type__":"cc.Vec3","x":0.2245607018767376,"y":0.2245607018767376,"z":1},"autoReleaseAssets":false},{"__type__":"cc.Node","_name":"Canvas","_parent":{"__id__":1},"_children":[{"__id__":3},{"__id__":4}],"_components":[{"__type__":"cc.Canvas","node":{"__id__":2},"_designResolution":{"__type__":"cc.Size","width":1920,"height":1080}}],"_contentSize":{"__type__":"cc.Size","width":1920,"height":1080},"_position":{"__type__":"cc.Vec3","x":960,"y":540},"_id":"08QjrxqFVMZKsDh5/N/pqN"},{"__type__":"cc.Node","_name":"Main Camera","_parent":{"__id__":2},"_level":1,"_components":[{"__type__":"cc.Camera","node":{"__id__":3},"_clearFlags":7,"_depth":-1}]},{"__type__":"cc.Node","_name":"bg","_parent":{"__id__":2},"_children":[{"__id__":5},{"__id__":7}],"_level":1,"_components":[{"__type__":"cc.Sprite","node":{"__id__":4},"_spriteFrame":{"__uuid__":"f5dZxD2TxHnJfdPUC/2UeQ"}},{"__type__":"bd48esScbBB3Kqq+FAX3DDE","node":{"__id__":4},"endText":{"__uuid__":"08H92MYPlMIrBNM+o9FjCd"},"textLabel":{"__id__":6},"endTextIndex":1,"restartBtn":{"__id__":7}}],"_contentSize":{"__type__":"cc.Size","width":1920,"height":1080}},{"__type__":"cc.Node","_name":"text","_parent":{"__id__":4},"_level":2,"_components":[{"__id__":6},{"__type__":"cc.Widget","node":{"__id__":5},"_alignFlags":16}],"_color":{"__type__":"cc.Color"},"_contentSize":{"__type__":"cc.Size","width":1192,"height":45},"_position":{"__type__":"cc.Vec3","y":369}},{"__type__":"cc.Label","node":{"__id__":5},"_useOriginalSize":false,"_string":"文本内容","_N$string":"文本内容","_lineHeight":45,"_N$horizontalAlign":1,"_N$verticalAlign":1,"_N$fontFamily":"楷体","_N$overflow":3},{"__type__":"cc.Node","_name":"restartBtn","_parent":{"__id__":4},"_children":[{"__id__":8}],"_level":2,"_components":[{"__type__":"cc.Button","node":{"__id__":7},"clickEvents":[{"__type__":"cc.ClickEvent","target":{"__id__":4},"_componentId":"bd48esScbBB3Kqq+FAX3DDE","handler":"restartGame"}],"_N$transition":3,"transition":3,"_N$normalColor":{"__type__":"cc.Color","r":230,"g":230,"b":230},"_N$pressedColor":{"__type__":"cc.Color","r":200,"g":200,"b":200},"pressedColor":{"__type__":"cc.Color","r":200,"g":200,"b":200},"_N$disabledColor":{"__type__":"cc.Color","r":120,"g":120,"b":120,"a":200},"_N$normalSprite":{"__uuid__":"f0BIwQ8D5Ml7nTNQbh1YlS"},"_N$pressedSprite":{"__uuid__":"e97GVMl6JHh5Ml5qEDdSGa"},"pressedSprite":{"__uuid__":"e97GVMl6JHh5Ml5qEDdSGa"},"_N$hoverSprite":{"__uuid__":"f0BIwQ8D5Ml7nTNQbh1YlS"},"hoverSprite":{"__uuid__":"f0BIwQ8D5Ml7nTNQbh1YlS"},"_N$disabledSprite":{"__uuid__":"29FYIk+N1GYaeWH/q1NxQO"},"_N$target":{"__id__":8}}],"_contentSize":{"__type__":"cc.Size","width":200,"height":80},"_position":{"__type__":"cc.Vec3","y":-402}},{"__type__":"cc.Node","_name":"Background","_parent":{"__id__":7},"_children":[{"__id__":9}],"_level":2,"_components":[{"__type__":"cc.Sprite","node":{"__id__":8},"_spriteFrame":{"__uuid__":"50KrO3pmhMYpGTdRfC4Hpp"},"_type":1,"_sizeMode":0},{"__type__":"cc.Widget","node":{"__id__":8},"alignMode":0,"_alignFlags":45,"_originalWidth":100,"_originalHeight":40}],"_color":{"__type__":"cc.Color","r":230,"g":230,"b":230},"_contentSize":{"__type__":"cc.Size","width":200,"height":80}},{"__type__":"cc.Node","_name":"New Label","_parent":{"__id__":8},"_level":3,"_components":[{"__type__":"cc.Label","node":{"__id__":9},"_useOriginalSize":false,"_string":"再来一次","_N$string":"再来一次","_N$horizontalAlign":1,"_N$verticalAlign":1,"_N$fontFamily":"楷体"}],"_contentSize":{"__type__":"cc.Size","width":160,"height":40}}]]