{"__type__":"cc.JsonAsset","_name":"endText","json":{"0":{"text":"主角在家里惊醒过来，原来一切都是一场梦，不过殴打特朗普的质感却跟真的一样。主角揉了揉眼睛，又坐回电脑桌前开始了苦逼的工作。"},"1":{"text":"主角在火车上惊醒过来，原来一切都是一场梦，不过自己也辞去了工作，踏上了旅途，去游玩世界去了。"},"2":{"text":"主角在街边的长椅上惊醒过来，原来一切都是一场梦，自己依然在为生计发愁，旅游什么的，还是等有钱了再说。"}}}