[{"__type__":"cc.SpriteFrame","content":{"name":"bodyguard","texture":"aapEHFOx1Ce7mfx5Ft4fH7","rect":[0,15,69,256],"offset":[0,-7.5],"originalSize":[69,271],"capInsets":[0,0,0,0]}},{"__type__":"cc.SpriteFrame","content":{"name":"trump","texture":"d31chidehBEI2L93v1smP4","rect":[0,0,102,332],"offset":[0,0],"originalSize":[102,332],"capInsets":[0,0,0,0]}},[{"__type__":"cc.SceneAsset","_name":"fourthScene","scene":{"__id__":1},"asyncLoadAssets":null},{"__type__":"cc.Scene","_name":"New Node","_children":[{"__id__":2}],"_active":false,"_anchorPoint":{"__type__":"cc.Vec2"},"_scale":{"__type__":"cc.Vec3","x":0.34144677056206596,"y":0.34144677056206596,"z":1},"autoReleaseAssets":false},{"__type__":"cc.Node","_name":"Canvas","_parent":{"__id__":1},"_children":[{"__id__":3},{"__id__":4},{"__id__":5}],"_level":1,"_components":[{"__type__":"cc.Canvas","node":{"__id__":2},"_designResolution":{"__type__":"cc.Size","width":1920,"height":1080}}],"_contentSize":{"__type__":"cc.Size","width":1920,"height":1080},"_position":{"__type__":"cc.Vec3","x":960,"y":540},"_id":"70WDMAQuhDfIGjuemEBLC+"},{"__type__":"cc.Node","_name":"Main Camera","_parent":{"__id__":2},"_level":1,"_components":[{"__type__":"cc.Camera","node":{"__id__":3},"_clearFlags":7,"_depth":-1}]},{"__type__":"cc.Node","_name":"backGround","_parent":{"__id__":2},"_level":1,"_components":[{"__type__":"cc.Sprite","node":{"__id__":4},"_spriteFrame":{"__uuid__":"ca0oY6mytPnrOVnByPiHeh"}}],"_contentSize":{"__type__":"cc.Size","width":1920,"height":1080}},{"__type__":"cc.Node","_name":"interactiveThing","_parent":{"__id__":2},"_children":[{"__id__":6},{"__id__":8},{"__id__":10},{"__id__":12},{"__id__":14},{"__id__":16}],"_level":1,"_position":{"__type__":"cc.Vec3","x":-960,"y":-540}},{"__type__":"cc.Node","_name":"trump","_parent":{"__id__":5},"_children":[{"__id__":7}],"_level":2,"_components":[{"__type__":"cc.Sprite","node":{"__id__":6},"_spriteFrame":{"__uuid__":"3aeS+7gc1IorSL3OHEutS9"}},{"__type__":"86fe1HSzW1JHpWqK2/jzEWs","node":{"__id__":6},"roleName":"trump"},{"__type__":"cc.BoxCollider","node":{"__id__":6},"_offset":{"__type__":"cc.Vec2","x":-24,"y":-96},"_size":{"__type__":"cc.Size","width":317,"height":307}}],"_contentSize":{"__type__":"cc.Size","width":102,"height":332},"_position":{"__type__":"cc.Vec3","x":1627,"y":349},"groupIndex":2},{"__type__":"cc.Node","_name":"attention","_parent":{"__id__":6},"_level":3,"_components":[{"__type__":"cc.Label","node":{"__id__":7},"_useOriginalSize":false,"_string":"特朗普","_N$string":"特朗普","_N$horizontalAlign":1,"_N$verticalAlign":1,"_N$fontFamily":"楷体"}],"_color":{"__type__":"cc.Color"},"_contentSize":{"__type__":"cc.Size","width":120,"height":40},"_position":{"__type__":"cc.Vec3","x":2,"y":192}},{"__type__":"cc.Node","_name":"guard1","_parent":{"__id__":5},"_children":[{"__id__":9}],"_level":2,"_components":[{"__type__":"cc.Sprite","node":{"__id__":8},"_spriteFrame":{"__uuid__":"01L3kaaTRCfLujL5y+TBD8"}},{"__type__":"86fe1HSzW1JHpWqK2/jzEWs","node":{"__id__":8},"roleName":"guard1"},{"__type__":"cc.BoxCollider","node":{"__id__":8},"_offset":{"__type__":"cc.Vec2","x":40,"y":-84},"_size":{"__type__":"cc.Size","width":110,"height":283}}],"_contentSize":{"__type__":"cc.Size","width":69,"height":256},"_position":{"__type__":"cc.Vec3","x":1488,"y":207},"_scale":{"__type__":"cc.Vec3","x":-1,"y":1,"z":1},"groupIndex":2},{"__type__":"cc.Node","_name":"attention","_parent":{"__id__":8},"_level":3,"_components":[{"__type__":"cc.Label","node":{"__id__":9},"_useOriginalSize":false,"_string":"保镖","_N$string":"保镖","_N$horizontalAlign":1,"_N$verticalAlign":1,"_N$fontFamily":"楷体"}],"_color":{"__type__":"cc.Color"},"_contentSize":{"__type__":"cc.Size","width":80,"height":40},"_position":{"__type__":"cc.Vec3","x":3,"y":157},"_scale":{"__type__":"cc.Vec3","x":-1,"y":1,"z":1}},{"__type__":"cc.Node","_name":"guard2","_parent":{"__id__":5},"_children":[{"__id__":11}],"_level":2,"_components":[{"__type__":"cc.Sprite","node":{"__id__":10},"_spriteFrame":{"__uuid__":"01L3kaaTRCfLujL5y+TBD8"}},{"__type__":"86fe1HSzW1JHpWqK2/jzEWs","node":{"__id__":10},"roleName":"guard2"},{"__type__":"cc.BoxCollider","node":{"__id__":10},"_offset":{"__type__":"cc.Vec2","x":86,"y":-41},"_size":{"__type__":"cc.Size","width":203,"height":197}}],"_contentSize":{"__type__":"cc.Size","width":69,"height":256},"_position":{"__type__":"cc.Vec3","x":1770,"y":155},"_scale":{"__type__":"cc.Vec3","x":-1,"y":1,"z":1},"groupIndex":2},{"__type__":"cc.Node","_name":"attention","_parent":{"__id__":10},"_level":3,"_components":[{"__type__":"cc.Label","node":{"__id__":11},"_useOriginalSize":false,"_string":"保镖","_N$string":"保镖","_N$horizontalAlign":1,"_N$verticalAlign":1,"_N$fontFamily":"楷体"}],"_color":{"__type__":"cc.Color"},"_contentSize":{"__type__":"cc.Size","width":80,"height":40},"_position":{"__type__":"cc.Vec3","x":-2,"y":150},"_scale":{"__type__":"cc.Vec3","x":-1,"y":1,"z":1}},{"__type__":"cc.Node","_name":"guard3","_parent":{"__id__":5},"_children":[{"__id__":13}],"_level":2,"_components":[{"__type__":"cc.Sprite","node":{"__id__":12},"_spriteFrame":{"__uuid__":"01L3kaaTRCfLujL5y+TBD8"}},{"__type__":"86fe1HSzW1JHpWqK2/jzEWs","node":{"__id__":12},"roleName":"guard3"},{"__type__":"cc.BoxCollider","node":{"__id__":12},"_offset":{"__type__":"cc.Vec2","x":30,"y":-84},"_size":{"__type__":"cc.Size","width":91,"height":283}}],"_contentSize":{"__type__":"cc.Size","width":69,"height":256},"_position":{"__type__":"cc.Vec3","x":1408,"y":367},"_scale":{"__type__":"cc.Vec3","x":-1,"y":1,"z":1},"groupIndex":2},{"__type__":"cc.Node","_name":"attention","_parent":{"__id__":12},"_level":3,"_components":[{"__type__":"cc.Label","node":{"__id__":13},"_useOriginalSize":false,"_string":"保镖","_N$string":"保镖","_N$horizontalAlign":1,"_N$verticalAlign":1,"_N$fontFamily":"楷体"}],"_color":{"__type__":"cc.Color"},"_contentSize":{"__type__":"cc.Size","width":80,"height":40},"_position":{"__type__":"cc.Vec3","x":-2,"y":153},"_scale":{"__type__":"cc.Vec3","x":-1,"y":1,"z":1}},{"__type__":"cc.Node","_name":"starfish","_parent":{"__id__":5},"_children":[{"__id__":15}],"_level":2,"_components":[{"__type__":"cc.Sprite","node":{"__id__":14},"_spriteFrame":{"__uuid__":"cfJuzvIX1Hf42et8fZxLNN"}},{"__type__":"86fe1HSzW1JHpWqK2/jzEWs","node":{"__id__":14},"roleName":"starfish"},{"__type__":"cc.BoxCollider","node":{"__id__":14},"_offset":{"__type__":"cc.Vec2","x":35,"y":-15},"_size":{"__type__":"cc.Size","width":282,"height":145}}],"_contentSize":{"__type__":"cc.Size","width":207,"height":176},"_position":{"__type__":"cc.Vec3","x":421,"y":174},"_scale":{"__type__":"cc.Vec3","x":-1,"y":1,"z":1},"groupIndex":2},{"__type__":"cc.Node","_name":"attention","_parent":{"__id__":14},"_level":3,"_components":[{"__type__":"cc.Label","node":{"__id__":15},"_useOriginalSize":false,"_string":"海星","_N$string":"海星","_N$horizontalAlign":1,"_N$verticalAlign":1,"_N$fontFamily":"楷体"}],"_color":{"__type__":"cc.Color"},"_contentSize":{"__type__":"cc.Size","width":80,"height":40},"_position":{"__type__":"cc.Vec3","x":-2,"y":118},"_scale":{"__type__":"cc.Vec3","x":-1,"y":1,"z":1}},{"__type__":"cc.Node","_name":"crab","_parent":{"__id__":5},"_children":[{"__id__":17}],"_level":2,"_components":[{"__type__":"cc.Sprite","node":{"__id__":16},"_spriteFrame":{"__uuid__":"c0IPS4gxlCloOiaaEVsC2w"}},{"__type__":"86fe1HSzW1JHpWqK2/jzEWs","node":{"__id__":16},"roleName":"crab"},{"__type__":"cc.BoxCollider","node":{"__id__":16},"_offset":{"__type__":"cc.Vec2","x":-2,"y":-73},"_size":{"__type__":"cc.Size","width":208,"height":262}}],"_contentSize":{"__type__":"cc.Size","width":135,"height":114},"_position":{"__type__":"cc.Vec3","x":932,"y":269},"_scale":{"__type__":"cc.Vec3","x":-1,"y":1,"z":1},"groupIndex":2},{"__type__":"cc.Node","_name":"attention","_parent":{"__id__":16},"_level":3,"_components":[{"__type__":"cc.Label","node":{"__id__":17},"_useOriginalSize":false,"_string":"寄居蟹","_N$string":"寄居蟹","_N$horizontalAlign":1,"_N$verticalAlign":1,"_N$fontFamily":"楷体"}],"_color":{"__type__":"cc.Color"},"_contentSize":{"__type__":"cc.Size","width":120,"height":40},"_position":{"__type__":"cc.Vec3","x":-2,"y":89},"_scale":{"__type__":"cc.Vec3","x":-1,"y":1,"z":1}}],{"__type__":"cc.SpriteFrame","content":{"name":"寄居蟹","texture":"f8kDBp6QtNi6Dq5NO5vrz0","rect":[0,0,135,114],"offset":[0,0],"originalSize":[135,114],"capInsets":[0,0,0,0]}},{"__type__":"cc.SpriteFrame","content":{"name":"夏威夷","texture":"a1likKtFFPV6Mlb7qBbJA7","rect":[0,0,1920,1080],"offset":[0,0],"originalSize":[1920,1080],"capInsets":[0,0,0,0]}},{"__type__":"cc.SpriteFrame","content":{"name":"海星","texture":"bfz1ECR7dEM5jszkWbkYXO","rect":[0,0,207,176],"offset":[0,0],"originalSize":[207,176],"capInsets":[0,0,0,0]}}]