[{"__type__":"cc.SpriteFrame","content":{"name":"kaisa","texture":"473MbXXfZPFrC/pZ0V09/m","rect":[0,0,99,337],"offset":[0,0],"originalSize":[99,337],"capInsets":[0,0,0,0]}},{"__type__":"cc.SpriteFrame","content":{"name":"神庙","texture":"660BinEqpHwIXagaTF2Ffo","rect":[0,0,634,500],"offset":[0,0],"originalSize":[634,500],"capInsets":[0,0,0,0]}},[{"__type__":"cc.SceneAsset","_name":"secondScene","scene":{"__id__":1},"asyncLoadAssets":null},{"__type__":"cc.Scene","_name":"New Node","_children":[{"__id__":2}],"_anchorPoint":{"__type__":"cc.Vec2"},"_scale":{"__type__":"cc.Vec3","x":0.34144677056206596,"y":0.34144677056206596,"z":1},"autoReleaseAssets":false},{"__type__":"cc.Node","_name":"Canvas","_parent":{"__id__":1},"_children":[{"__id__":3},{"__id__":4},{"__id__":8}],"_components":[{"__type__":"cc.Canvas","node":{"__id__":2},"_designResolution":{"__type__":"cc.Size","width":1920,"height":1080}}],"_contentSize":{"__type__":"cc.Size","width":1920,"height":1080},"_position":{"__type__":"cc.Vec3","x":960,"y":540},"_id":"70WDMAQuhDfIGjuemEBLC+"},{"__type__":"cc.Node","_name":"Main Camera","_parent":{"__id__":2},"_level":1,"_components":[{"__type__":"cc.Camera","node":{"__id__":3},"_clearFlags":7,"_depth":-1},{"__type__":"2dba4GnP/JH2YfCDeavFkED","node":{"__id__":3},"limitPos":[{"__type__":"cc.Vec2","x":1920}],"moveToPos":[{"__type__":"cc.Vec2"},{"__type__":"cc.Vec2","x":1920}]}]},{"__type__":"cc.Node","_name":"backGround","_parent":{"__id__":2},"_children":[{"__id__":5},{"__id__":6},{"__id__":7}],"_level":1,"_components":[{"__type__":"cc.Sprite","node":{"__id__":4},"_spriteFrame":{"__uuid__":"b0vTdAM95C9YJNIMuohu1w"}}],"_contentSize":{"__type__":"cc.Size","width":1920,"height":1080}},{"__type__":"cc.Node","_name":"palace","_parent":{"__id__":4},"_level":2,"_components":[{"__type__":"cc.Sprite","node":{"__id__":5},"_spriteFrame":{"__uuid__":"efBP+sVIVG27Wqj2BP61LC"}}],"_contentSize":{"__type__":"cc.Size","width":1920,"height":1080},"_position":{"__type__":"cc.Vec3","x":1920}},{"__type__":"cc.Node","_name":"神庙","_parent":{"__id__":4},"_level":2,"_components":[{"__type__":"cc.Sprite","node":{"__id__":6},"_spriteFrame":{"__uuid__":"20ZW+zyZhKQbGAJ0L7bVBM"}}],"_contentSize":{"__type__":"cc.Size","width":634,"height":500},"_position":{"__type__":"cc.Vec3","x":635,"y":47}},{"__type__":"cc.Node","_name":"斗兽场","_parent":{"__id__":4},"_level":2,"_components":[{"__type__":"cc.Sprite","node":{"__id__":7},"_spriteFrame":{"__uuid__":"e7gkCHxgBD3ILxlaHI3Iir"}}],"_contentSize":{"__type__":"cc.Size","width":1048,"height":548},"_position":{"__type__":"cc.Vec3","x":-334,"y":73}},{"__type__":"cc.Node","_name":"interactiveThing","_parent":{"__id__":2},"_children":[{"__id__":9},{"__id__":11},{"__id__":13},{"__id__":15},{"__id__":17}],"_level":1,"_position":{"__type__":"cc.Vec3","x":-960,"y":-540}},{"__type__":"cc.Node","_name":"solider3","_parent":{"__id__":8},"_children":[{"__id__":10}],"_level":2,"_components":[{"__type__":"cc.Sprite","node":{"__id__":9},"_spriteFrame":{"__uuid__":"b4g8Lg0tZOVpRYf6Vm5HrE"}},{"__type__":"86fe1HSzW1JHpWqK2/jzEWs","node":{"__id__":9},"roleName":"solider3"},{"__type__":"cc.BoxCollider","node":{"__id__":9},"_offset":{"__type__":"cc.Vec2","x":-1,"y":-96},"_size":{"__type__":"cc.Size","width":161,"height":307}}],"_contentSize":{"__type__":"cc.Size","width":132,"height":303},"_position":{"__type__":"cc.Vec3","x":1662,"y":363},"_scale":{"__type__":"cc.Vec3","x":-1,"y":1,"z":1},"groupIndex":2},{"__type__":"cc.Node","_name":"attention","_parent":{"__id__":9},"_level":3,"_components":[{"__type__":"cc.Label","node":{"__id__":10},"_useOriginalSize":false,"_string":"士兵甲","_N$string":"士兵甲","_N$horizontalAlign":1,"_N$verticalAlign":1,"_N$fontFamily":"楷体"}],"_color":{"__type__":"cc.Color"},"_contentSize":{"__type__":"cc.Size","width":120,"height":40},"_position":{"__type__":"cc.Vec3","x":4,"y":170},"_scale":{"__type__":"cc.Vec3","x":-1,"y":1,"z":1}},{"__type__":"cc.Node","_name":"solider2","_parent":{"__id__":8},"_children":[{"__id__":12}],"_level":2,"_components":[{"__type__":"cc.Sprite","node":{"__id__":11},"_spriteFrame":{"__uuid__":"b4g8Lg0tZOVpRYf6Vm5HrE"}},{"__type__":"86fe1HSzW1JHpWqK2/jzEWs","node":{"__id__":11},"roleName":"solider2"},{"__type__":"cc.BoxCollider","node":{"__id__":11},"_offset":{"__type__":"cc.Vec2","x":-1,"y":-96},"_size":{"__type__":"cc.Size","width":161,"height":307}}],"_contentSize":{"__type__":"cc.Size","width":132,"height":303},"_position":{"__type__":"cc.Vec3","x":1180,"y":363},"_scale":{"__type__":"cc.Vec3","x":-1,"y":1,"z":1},"groupIndex":2},{"__type__":"cc.Node","_name":"attention","_parent":{"__id__":11},"_level":3,"_components":[{"__type__":"cc.Label","node":{"__id__":12},"_useOriginalSize":false,"_string":"士兵乙","_N$string":"士兵乙","_N$horizontalAlign":1,"_N$verticalAlign":1,"_N$fontFamily":"楷体"}],"_contentSize":{"__type__":"cc.Size","width":120,"height":40},"_position":{"__type__":"cc.Vec3","x":4,"y":170},"_scale":{"__type__":"cc.Vec3","x":-1,"y":1,"z":1}},{"__type__":"cc.Node","_name":"solider1","_parent":{"__id__":8},"_children":[{"__id__":14}],"_level":2,"_components":[{"__type__":"cc.Sprite","node":{"__id__":13},"_spriteFrame":{"__uuid__":"b4g8Lg0tZOVpRYf6Vm5HrE"}},{"__type__":"86fe1HSzW1JHpWqK2/jzEWs","node":{"__id__":13},"roleName":"solider1"},{"__type__":"cc.BoxCollider","node":{"__id__":13},"_offset":{"__type__":"cc.Vec2","x":-1,"y":-96},"_size":{"__type__":"cc.Size","width":161,"height":307}}],"_contentSize":{"__type__":"cc.Size","width":132,"height":303},"_position":{"__type__":"cc.Vec3","x":680,"y":363},"_scale":{"__type__":"cc.Vec3","x":-1,"y":1,"z":1},"groupIndex":2},{"__type__":"cc.Node","_name":"attention","_parent":{"__id__":13},"_level":3,"_components":[{"__type__":"cc.Label","node":{"__id__":14},"_useOriginalSize":false,"_string":"士兵丙","_N$string":"士兵丙","_N$horizontalAlign":1,"_N$verticalAlign":1,"_N$fontFamily":"楷体"}],"_contentSize":{"__type__":"cc.Size","width":120,"height":40},"_position":{"__type__":"cc.Vec3","x":4,"y":170},"_scale":{"__type__":"cc.Vec3","x":-1,"y":1,"z":1}},{"__type__":"cc.Node","_name":"kaisa","_parent":{"__id__":8},"_children":[{"__id__":16}],"_level":2,"_components":[{"__type__":"cc.Sprite","node":{"__id__":15},"_spriteFrame":{"__uuid__":"0bUTE9nYtOAqvXVXJ0aLLy"}},{"__type__":"86fe1HSzW1JHpWqK2/jzEWs","node":{"__id__":15},"roleName":"kaisa"},{"__type__":"cc.BoxCollider","node":{"__id__":15},"_offset":{"__type__":"cc.Vec2","x":14,"y":-96},"_size":{"__type__":"cc.Size","width":336,"height":307}}],"_contentSize":{"__type__":"cc.Size","width":99,"height":337},"_position":{"__type__":"cc.Vec3","x":2712,"y":363},"_scale":{"__type__":"cc.Vec3","x":-1,"y":1,"z":1},"groupIndex":2},{"__type__":"cc.Node","_name":"attention","_parent":{"__id__":15},"_level":3,"_components":[{"__type__":"cc.Label","node":{"__id__":16},"_useOriginalSize":false,"_string":"凯撒","_N$string":"凯撒","_N$horizontalAlign":1,"_N$verticalAlign":1,"_N$fontFamily":"楷体"}],"_contentSize":{"__type__":"cc.Size","width":80,"height":40},"_position":{"__type__":"cc.Vec3","x":-13,"y":188},"_scale":{"__type__":"cc.Vec3","x":-1,"y":1,"z":1}},{"__type__":"cc.Node","_name":"secretMan","_parent":{"__id__":8},"_children":[{"__id__":18}],"_level":2,"_components":[{"__type__":"cc.Sprite","node":{"__id__":17},"_spriteFrame":{"__uuid__":"c5guAjJARDB6sgoAJk6a7X"}},{"__type__":"86fe1HSzW1JHpWqK2/jzEWs","node":{"__id__":17},"roleName":"secretMan2"},{"__type__":"cc.BoxCollider","node":{"__id__":17},"_offset":{"__type__":"cc.Vec2","x":1,"y":-96},"_size":{"__type__":"cc.Size","width":277,"height":307}}],"_contentSize":{"__type__":"cc.Size","width":126,"height":311},"_position":{"__type__":"cc.Vec3","x":3156,"y":340},"_scale":{"__type__":"cc.Vec3","x":-1,"y":1,"z":1},"groupIndex":2},{"__type__":"cc.Node","_name":"attention","_parent":{"__id__":17},"_level":3,"_components":[{"__type__":"cc.Label","node":{"__id__":18},"_useOriginalSize":false,"_string":"神秘人","_N$string":"神秘人","_N$horizontalAlign":1,"_N$verticalAlign":1,"_N$fontFamily":"楷体"}],"_contentSize":{"__type__":"cc.Size","width":120,"height":40},"_position":{"__type__":"cc.Vec3","x":-13,"y":188},"_scale":{"__type__":"cc.Vec3","x":-1,"y":1,"z":1}}],{"__type__":"cc.SpriteFrame","content":{"name":"罗马背景","texture":"10us8m24NAWp13lPBnG5hW","rect":[0,0,1920,1080],"offset":[0,0],"originalSize":[1920,1080],"capInsets":[0,0,0,0]}},{"__type__":"cc.SpriteFrame","content":{"name":"solider","texture":"e4klMJuSJHEoQ4f9cEyrbp","rect":[0,0,132,303],"offset":[0,0],"originalSize":[132,303],"capInsets":[0,0,0,0]}},{"__type__":"cc.SpriteFrame","content":{"name":"secretMan","texture":"6cTpOMBBpBjKB6IlwUN43+","rect":[0,0,126,311],"offset":[0,0],"originalSize":[126,311],"capInsets":[0,0,0,0]}},{"__type__":"cc.SpriteFrame","content":{"name":"斗兽场","texture":"61XpYuZvpMXbGe4K1Fe0XR","rect":[0,0,1048,548],"offset":[0,0],"originalSize":[1048,548],"capInsets":[0,0,0,0]}},{"__type__":"cc.SpriteFrame","content":{"name":"罗马内","texture":"adKwl2XZBBAZfJmDguuBuK","rect":[0,0,1920,1080],"offset":[0,0],"originalSize":[1920,1080],"capInsets":[0,0,0,0]}}]