[[{"__type__":"cc.SceneAsset","_name":"thirdScene","scene":{"__id__":1},"asyncLoadAssets":null},{"__type__":"cc.Scene","_name":"New Node","_children":[{"__id__":2}],"_anchorPoint":{"__type__":"cc.Vec2"},"_scale":{"__type__":"cc.Vec3","x":0.34144677056206596,"y":0.34144677056206596,"z":1},"autoReleaseAssets":false},{"__type__":"cc.Node","_name":"Canvas","_parent":{"__id__":1},"_children":[{"__id__":3},{"__id__":4},{"__id__":5}],"_components":[{"__type__":"cc.Canvas","node":{"__id__":2},"_designResolution":{"__type__":"cc.Size","width":1920,"height":1080}}],"_contentSize":{"__type__":"cc.Size","width":1920,"height":1080},"_position":{"__type__":"cc.Vec3","x":960,"y":540},"_id":"70WDMAQuhDfIGjuemEBLC+"},{"__type__":"cc.Node","_name":"Main Camera","_parent":{"__id__":2},"_level":1,"_components":[{"__type__":"cc.Camera","node":{"__id__":3},"_clearFlags":7,"_depth":-1}]},{"__type__":"cc.Node","_name":"backGround","_parent":{"__id__":2},"_level":1,"_components":[{"__type__":"cc.Sprite","node":{"__id__":4},"_spriteFrame":{"__uuid__":"dd6fkINQJLUraub1ZKeYWy"}}],"_contentSize":{"__type__":"cc.Size","width":1920,"height":1080}},{"__type__":"cc.Node","_name":"interactiveThing","_parent":{"__id__":2},"_children":[{"__id__":6},{"__id__":8},{"__id__":10}],"_level":1,"_position":{"__type__":"cc.Vec3","x":-960,"y":-540}},{"__type__":"cc.Node","_name":"wuzetian","_parent":{"__id__":5},"_children":[{"__id__":7}],"_level":2,"_components":[{"__type__":"cc.Sprite","node":{"__id__":6},"_spriteFrame":{"__uuid__":"975fz1/Y1AyokOC43Trjo2"}},{"__type__":"86fe1HSzW1JHpWqK2/jzEWs","node":{"__id__":6},"roleName":"wuzetian"},{"__type__":"cc.BoxCollider","node":{"__id__":6},"_offset":{"__type__":"cc.Vec2","x":-100,"y":-96},"_size":{"__type__":"cc.Size","width":469,"height":307}}],"_contentSize":{"__type__":"cc.Size","width":124,"height":315},"_position":{"__type__":"cc.Vec3","x":1513,"y":363},"groupIndex":2},{"__type__":"cc.Node","_name":"attention","_parent":{"__id__":6},"_level":3,"_components":[{"__type__":"cc.Label","node":{"__id__":7},"_useOriginalSize":false,"_string":"武则天","_N$string":"武则天","_N$horizontalAlign":1,"_N$verticalAlign":1,"_N$fontFamily":"楷体"}],"_contentSize":{"__type__":"cc.Size","width":120,"height":40},"_position":{"__type__":"cc.Vec3","x":-13,"y":180}},{"__type__":"cc.Node","_name":"maid1","_parent":{"__id__":5},"_children":[{"__id__":9}],"_level":2,"_components":[{"__type__":"cc.Sprite","node":{"__id__":8},"_spriteFrame":{"__uuid__":"8cZIzgJTJK25KdeifIrz8N"}},{"__type__":"86fe1HSzW1JHpWqK2/jzEWs","node":{"__id__":8},"roleName":"maid1"},{"__type__":"cc.BoxCollider","node":{"__id__":8},"_offset":{"__type__":"cc.Vec2","x":86,"y":-115},"_size":{"__type__":"cc.Size","width":203,"height":345}}],"_contentSize":{"__type__":"cc.Size","width":174,"height":289},"_position":{"__type__":"cc.Vec3","x":1093,"y":420},"_scale":{"__type__":"cc.Vec3","x":-1,"y":1,"z":1},"groupIndex":2},{"__type__":"cc.Node","_name":"attention","_parent":{"__id__":8},"_level":3,"_components":[{"__type__":"cc.Label","node":{"__id__":9},"_useOriginalSize":false,"_string":"侍女","_N$string":"侍女","_N$horizontalAlign":1,"_N$verticalAlign":1,"_N$fontFamily":"楷体"}],"_contentSize":{"__type__":"cc.Size","width":80,"height":40},"_position":{"__type__":"cc.Vec3","x":-28,"y":167},"_scale":{"__type__":"cc.Vec3","x":-1,"y":1,"z":1}},{"__type__":"cc.Node","_name":"maid2","_parent":{"__id__":5},"_children":[{"__id__":11}],"_level":2,"_components":[{"__type__":"cc.Sprite","node":{"__id__":10},"_spriteFrame":{"__uuid__":"8cZIzgJTJK25KdeifIrz8N"}},{"__type__":"86fe1HSzW1JHpWqK2/jzEWs","node":{"__id__":10},"roleName":"maid2"},{"__type__":"cc.BoxCollider","node":{"__id__":10},"_offset":{"__type__":"cc.Vec2","x":86,"y":-41},"_size":{"__type__":"cc.Size","width":203,"height":197}}],"_contentSize":{"__type__":"cc.Size","width":174,"height":289},"_position":{"__type__":"cc.Vec3","x":1413,"y":155},"_scale":{"__type__":"cc.Vec3","x":-1,"y":1,"z":1},"groupIndex":2},{"__type__":"cc.Node","_name":"attention","_parent":{"__id__":10},"_level":3,"_components":[{"__type__":"cc.Label","node":{"__id__":11},"_useOriginalSize":false,"_string":"侍女","_N$string":"侍女","_N$horizontalAlign":1,"_N$verticalAlign":1,"_N$fontFamily":"楷体"}],"_contentSize":{"__type__":"cc.Size","width":80,"height":40},"_position":{"__type__":"cc.Vec3","x":-28,"y":167},"_scale":{"__type__":"cc.Vec3","x":-1,"y":1,"z":1}}],{"__type__":"cc.SpriteFrame","content":{"name":"侍从","texture":"90mQmxqHtOD5bn8UHAsjPn","rect":[61,13,174,289],"offset":[24,18],"originalSize":[248,351],"capInsets":[0,0,0,0]}},{"__type__":"cc.SpriteFrame","content":{"name":"武则天","texture":"a6QN7q+V1Mgbp83YjHORHD","rect":[0,0,124,315],"offset":[0,0],"originalSize":[124,315],"capInsets":[0,0,0,0]}},{"__type__":"cc.SpriteFrame","content":{"name":"明堂","texture":"91kCm0jCpFsbS6DgFZXrOT","rect":[0,0,1920,1080],"offset":[0,0],"originalSize":[1920,1080],"capInsets":[0,0,0,0]}}]